group,TP,FP,FN,TN,f1,precision,recall
0.0,365,161,215,0,0.6600361663652803,0.6939163498098859,0.6293103448275862
1.0,416,212,114,0,0.7184801381692574,0.6624203821656051,0.7849056603773585
2.0,411,152,198,0,0.7013651877133106,0.7300177619893428,0.6748768472906403
3.0,206,226,90,0,0.5659340659340659,0.47685185185185186,0.6959459459459459
4.0,226,377,54,0,0.5118912797281994,0.3747927031509121,0.8071428571428572
5.0,887,247,402,0,0.732150226991333,0.7821869488536155,0.6881303335919318
6.0,1525,466,938,0,0.6847777278850471,0.7659467604218986,0.6191636215996752
