group,TP,FP,FN,TN,f1,precision,recall
0.0,314,115,266,0,0.622398414271556,0.7319347319347319,0.5413793103448276
1.0,382,181,148,0,0.6989935956084172,0.6785079928952042,0.720754716981132
2.0,428,129,181,0,0.7341337907375644,0.7684021543985637,0.7027914614121511
3.0,221,165,75,0,0.6480938416422287,0.572538860103627,0.7466216216216216
4.0,209,225,71,0,0.5854341736694678,0.4815668202764977,0.7464285714285714
5.0,905,204,384,0,0.7547956630525438,0.8160504959422904,0.7020946470131885
6.0,1591,345,872,0,0.7233462150488748,0.8217975206611571,0.6459602111246447
