group,TP,FP,FN,TN,f1,precision,recall
0.0,340,125,240,0,0.6507177033492823,0.7311827956989247,0.5862068965517241
1.0,376,152,154,0,0.7107750472589792,0.7121212121212122,0.7094339622641509
2.0,421,120,188,0,0.7321739130434782,0.7781885397412199,0.6912972085385879
3.0,217,201,79,0,0.6078431372549019,0.5191387559808612,0.7331081081081081
4.0,219,184,61,0,0.6412884333821376,0.543424317617866,0.7821428571428571
5.0,900,201,389,0,0.7531380753138075,0.8174386920980926,0.6982156710628394
6.0,1638,438,825,0,0.7217448777263714,0.7890173410404624,0.6650426309378806
